"","team","seed","score","point_diff","result","W","L","W_L_ratio","SRS","SOS","TM_pt","OPPO_pt","PT_Ratio","Poss","True_S","AdjEM","AdjO","AdjD","AdjT","luck"
"1","Alabama-Birmingham",14,60,1,1,20,16,0.556,1.94,1.62,2476,2452,1.00978792822186,65.9,0.52,NA,NA,NA,NA,NA
"2","Albany (NY)",14,60,-9,0,24,9,0.727,-0.34,-5.18,2156,1996,1.08016032064128,61.2,0.546,NA,NA,NA,NA,NA
"3","Arizona",2,93,21,1,34,4,0.895,24.33,7.41,2911,2268,1.28350970017637,66.5,0.575,32.4,117.9,85.5,66,-0.032
"4","Arkansas",5,56,3,1,27,9,0.75,14.07,6.79,2787,2525,1.10376237623762,70.1,0.539,16.42,112.7,96.2,69.7,0.045
"5","Baylor",3,56,-1,0,24,10,0.706,17.85,9.33,2349,2048,1.14697265625,62.8,0.53,22.11,114.5,92.4,62.3,-0.035
"6","Belmont",15,67,-12,0,22,11,0.667,0.35,-2.77,2450,2330,1.05150214592275,67.5,0.589,2.29,108.1,105.8,67.2,0.066
"7","Buffalo",12,62,-6,0,23,10,0.697,7.93,1.6,2462,2253,1.09276520195295,68.7,0.533,11.84,109.2,97.3,68.7,0.001
"8","Butler",6,56,8,1,23,11,0.676,16.64,8.62,2346,2073,1.13169319826339,64.2,0.522,20.09,108.1,88,63.9,-0.022
"9","Cincinnati",8,66,1,1,23,11,0.676,10.72,4.4,2113,1898,1.11327713382508,59.6,0.527,14.14,106,91.9,60,-0.015
"10","Coastal Carolina",16,72,-14,0,24,10,0.706,-1.02,-6.18,2438,2121,1.14945780292315,65.2,0.537,2.37,104.7,102.3,64.8,0.006
"11","Davidson",10,52,-31,0,24,8,0.75,11.97,3.19,2529,2221,1.13867627194957,67.2,0.578,14.97,117.6,102.7,67.1,0.056
"12","Dayton",11,66,13,1,27,9,0.75,10.98,4.06,2439,2190,1.11369863013699,64.2,0.565,14.23,107.2,93,64.3,0.022
"13","Duke",1,85,29,1,35,4,0.897,24.97,9.87,3091,2502,1.23541167066347,65.9,0.593,32.46,122.5,90,66.1,0.068
"14","Eastern Washington",13,74,-10,0,26,9,0.743,0.79,-3.84,2820,2588,1.08964451313756,68.3,0.591,3.27,110.9,107.6,68.5,0.067
"15","Georgetown",4,84,10,1,22,11,0.667,15.48,9.81,2340,2153,1.0868555503948,64.6,0.552,19.1,112.1,93,64.5,0
"16","Georgia",10,63,-7,0,21,12,0.636,12.42,8.6,2250,2124,1.05932203389831,64.8,0.53,15.09,107.4,92.3,64.7,0.001
"17","Georgia State",14,57,1,1,25,10,0.714,5.47,-2.03,2499,2184,1.14423076923077,64.3,0.563,NA,NA,NA,NA,NA
"18","Gonzaga",2,86,10,1,35,3,0.921,21.12,5.12,2989,2343,1.27571489543321,65.2,0.606,27.76,119.7,92,65.4,0.019
"19","Hampton",16,56,-23,0,17,18,0.486,-8.25,-7.08,2346,2387,0.982823627984918,69.5,0.496,-7.37,94.6,102,69.5,0.03
"20","Harvard",13,65,-2,0,22,8,0.733,4.47,-0.25,1926,1727,1.11522872032426,61.2,0.524,9.27,102.8,93.6,61.7,0.092
"21","Indiana",10,76,-5,0,20,14,0.588,12.94,7.2,2633,2438,1.07998359310911,66.9,0.573,13.81,117.7,103.9,66.8,-0.043
"22","Iowa",7,83,31,1,22,12,0.647,15.83,8.39,2372,2119,1.11939594148183,64.5,0.527,19.02,112,93,64.2,-0.007
"23","Iowa State",3,59,-1,0,25,9,0.735,17.94,9.15,2645,2346,1.12745098039216,69.8,0.571,NA,NA,NA,NA,NA
"24","Kansas",2,75,19,1,27,9,0.75,18.47,12.13,2561,2333,1.09772824689241,66.7,0.539,22.7,112.5,89.8,67.2,0.071
"25","Kentucky",1,79,23,1,38,1,0.974,28.72,8.67,2900,2118,1.36921624173749,63.8,0.558,36.9,119.4,82.5,63,0.048
"26","Lafayette",16,52,-41,0,20,13,0.606,-3.37,-3.12,2426,2409,1.00705687007057,64.8,0.589,-2.1,110.9,113,65.1,0.096
"27","Louisville",4,57,2,1,27,9,0.75,18.12,8.98,2483,2154,1.152739090065,65.6,0.512,21.22,108.2,86.9,65.1,0.027
"28","LSU",9,65,-1,0,NA,NA,NA,NA,NA,NA,NA,NA,NA,NA,13.77,106.7,93,69.4,-0.043
"29","Maryland",4,65,3,1,28,7,0.8,13.32,7.63,2417,2218,1.08972046889089,64.7,0.562,15.72,109.3,93.5,64.5,0.128
"30","Michigan State",7,70,7,1,27,12,0.692,17.46,10,2773,2482,1.11724415793715,63,0.55,NA,NA,NA,NA,NA
"31","New Mexico State",15,56,-19,0,23,11,0.676,3.71,-3.67,2316,2033,1.13920314805706,62.9,0.548,NA,NA,NA,NA,NA
"32","North Carolina State",8,66,1,1,22,14,0.611,14.11,9.72,2525,2367,1.0667511618082,64.5,0.526,NA,NA,NA,NA,NA
"33","North Dakota State",15,76,-10,0,23,10,0.697,-1.72,-3.63,2141,2057,1.04083616917842,61.9,0.534,NA,NA,NA,NA,NA
"34","Northeastern",14,65,-4,0,23,12,0.657,2.03,-1.34,2397,2279,1.0517770952172,63.5,0.581,5.11,106.1,101,63.8,0.025
"35","Northern Iowa",5,71,17,1,31,4,0.886,12.54,2,2281,1912,1.19299163179916,57.4,0.593,20.91,114.1,93.2,58.5,0.018
"36","Notre Dame",3,69,4,1,32,6,0.842,19.23,7.02,2963,2499,1.18567426970788,63.7,0.612,24.95,123.4,98.5,63.9,0.062
"37","Ohio State",10,75,3,1,24,11,0.686,19.68,7.37,2635,2204,1.19555353901996,66,0.567,NA,NA,NA,NA,NA
"38","Oklahoma",3,69,9,1,24,11,0.686,18.65,9.94,2501,2196,1.13888888888889,67.4,0.532,22.76,110.4,87.7,67,-0.044
"39","Oklahoma State",9,73,-6,0,18,14,0.563,12.95,9.63,2160,2011,1.07409249129786,64.6,0.547,NA,NA,NA,NA,NA
"40","Ole Miss",11,57,-19,0,NA,NA,NA,NA,NA,NA,NA,NA,NA,NA,NA,NA,NA,NA,NA
"41","Oregon",8,79,6,1,26,10,0.722,11.43,7.65,2713,2550,1.06392156862745,68,0.557,13.91,113.1,99.2,67.1,0.119
"42","Providence",6,53,-13,0,22,12,0.647,13.71,9.5,2370,2227,1.06421194431971,65.7,0.526,16.72,110.5,93.8,65.8,0.039
"43","Purdue",9,65,-1,0,21,13,0.618,12.93,7.64,2375,2195,1.08200455580866,64.9,0.539,13.96,108.8,94.9,64.9,-0.006
"44","Robert Morris",16,56,-29,0,20,15,0.571,-3.02,-3.5,2414,2397,1.00709219858156,66.7,0.536,-1.42,101,102.4,66.3,0.055
"45","San Diego State",8,76,12,1,27,9,0.75,11.81,4.24,2226,1939,1.14801444043321,60.8,0.496,NA,NA,NA,NA,NA
"46","SMU",6,59,-1,0,NA,NA,NA,NA,NA,NA,NA,NA,NA,NA,17.5,111,93.5,63.4,-0.004
"47","St. John's (NY)",9,64,-12,0,21,12,0.636,11.85,9.04,2343,2240,1.04598214285714,67.6,0.529,NA,NA,NA,NA,NA
"48","Stephen F. Austin",12,50,-7,0,29,5,0.853,8.61,-4.2,2672,2188,1.22120658135283,68,0.594,13.66,111.7,98.1,66.2,0.021
"49","Texas",11,48,-8,0,20,14,0.588,16.16,9.07,2290,2049,1.11761835041484,62.9,0.531,18.9,110.3,91.4,62.6,-0.079
"50","Texas Southern",15,72,-21,0,22,13,0.629,-5.98,-6.09,2390,2386,1.00167644593462,64.5,0.531,-3.86,101.9,105.8,64.2,0.129
"51","UC-Irvine",13,55,-2,0,21,13,0.618,3.63,0.45,2295,2113,1.0861334595362,63.7,0.544,NA,NA,NA,NA,NA
"52","UCLA",11,60,1,1,22,14,0.611,12.07,8.27,2590,2453,1.0558499796168,67.3,0.527,14.68,110.8,96.1,66.6,0.032
"53","UNC",4,67,2,1,NA,NA,NA,NA,NA,NA,NA,NA,NA,NA,NA,NA,NA,NA,NA
"54","Utah",5,57,7,1,26,9,0.743,20.98,7.42,2496,1999,1.24862431215608,62.6,0.588,27.26,114.5,87.2,61.8,-0.053
"55","Valparaiso",13,62,-3,0,28,6,0.824,6.29,-2,2366,2021,1.17070757050965,63.8,0.548,11.14,105.3,94.2,62.8,0.053
"56","VCU",7,72,-3,0,NA,NA,NA,NA,NA,NA,NA,NA,NA,NA,16.27,109,92.8,66.6,0.044
"57","Villanova",1,93,41,1,33,3,0.917,23.13,7.55,2754,2193,1.25581395348837,65,0.589,30.65,120.6,89.9,64.9,0.031
"58","Virginia",2,79,12,1,30,4,0.882,21.73,7.81,2224,1751,1.27013135351228,58.6,0.543,30.08,113.6,83.5,58.9,0.023
"59","West Virginia",5,68,6,1,25,10,0.714,15.12,9.29,2542,2338,1.08725406330197,68.7,0.499,17.62,110.5,92.8,68.4,0.087
"60","Wichita State",7,81,5,1,30,5,0.857,15.56,3.68,2460,2008,1.22509960159363,61.9,0.541,NA,NA,NA,NA,NA
"61","Wisconsin",1,86,14,1,36,4,0.9,24.61,10.29,2900,2327,1.24623979372583,59.5,0.585,33.7,127,93.3,59.4,0.015
"62","Wofford",12,53,-3,0,28,7,0.8,2.56,-2.98,2331,2089,1.11584490186692,62.7,0.547,6.7,103,96.3,61.6,0.123
"63","Wyoming",12,54,-17,0,25,10,0.714,3.81,-0.04,2151,1974,1.08966565349544,58.3,0.56,5.67,102.7,97.1,59.5,0.084
"64","Xavier",6,76,19,1,23,14,0.622,15.42,9.48,2712,2492,1.08828250401284,65.6,0.57,19.48,114.6,95.1,65.4,-0.062
